joins,where,groupby,orderby,length,runtime_ms
0,1,0,0,41,24.35588836669922
3,1,0,0,244,193.27449798583984
0,0,0,1,50,9.29880142211914
0,1,0,0,42,67.72470474243164
0,0,1,0,54,8.854866027832031
3,1,0,0,244,192.2619342803955
1,1,0,0,132,126.78718566894531
0,0,1,0,54,8.735418319702148
1,0,1,0,131,13.567447662353516
0,1,0,0,38,13.89312744140625
0,0,1,0,54,9.101390838623047
0,0,1,0,49,2.6361942291259766
0,1,0,0,38,34.42645072937012
0,1,0,0,42,69.62299346923828
0,1,0,0,38,68.32766532897949
0,0,0,1,51,8.475542068481445
1,1,0,0,132,127.53415107727051
0,0,1,0,55,9.339570999145508
0,0,1,0,54,8.729934692382812
0,0,1,0,55,9.237289428710938
0,1,0,0,38,13.915538787841797
0,1,0,0,41,23.038148880004883
0,1,0,0,41,22.802352905273438
3,1,0,0,244,191.90001487731934
0,1,0,0,38,13.892173767089844
0,1,0,0,42,68.19891929626465
0,1,0,0,52,69.23341751098633
0,1,0,0,42,77.07405090332031
0,1,0,0,41,22.934913635253906
0,1,0,0,44,45.50457000732422
0,1,0,0,49,23.11992645263672
0,1,0,0,52,70.24598121643066
0,1,0,0,38,69.19097900390625
0,0,1,0,49,2.819538116455078
0,1,0,0,44,47.197580337524414
1,0,1,0,131,16.43657684326172
0,0,1,0,54,8.799314498901367
0,1,0,0,60,13.573408126831055
0,1,0,0,49,29.417037963867188
3,1,0,0,244,207.6740264892578
0,1,0,0,38,14.382123947143555
0,1,0,0,60,12.925386428833008
0,1,0,0,38,54.97622489929199
0,0,0,1,50,9.493827819824219
0,1,0,0,41,23.436546325683594
0,1,0,0,38,68.41230392456055
0,0,1,0,55,9.680747985839844
0,1,0,0,60,12.519598007202148
3,1,0,0,244,194.13208961486816
3,1,0,0,244,199.10717010498047
0,1,0,0,42,69.43988800048828
0,1,0,0,52,78.59587669372559
0,0,1,0,54,8.75401496887207
0,0,1,0,49,2.246379852294922
0,1,0,0,52,68.19629669189453
0,1,0,0,49,22.816896438598633
0,1,0,0,38,13.882875442504883
0,1,0,0,38,13.664722442626953
3,1,0,0,244,189.75257873535156
0,1,0,0,38,13.743877410888672
0,1,0,0,42,67.04068183898926
0,1,0,0,44,45.07803916931152
2,0,1,1,244,26.882410049438477
0,0,1,0,49,2.4695396423339844
0,1,0,0,49,22.383451461791992
2,0,1,1,244,27.28581428527832
0,0,0,1,50,9.02414321899414
0,1,0,0,52,67.99793243408203
2,0,1,1,244,27.44293212890625
0,0,1,0,54,8.70203971862793
3,1,0,0,244,190.0045871734619
3,1,0,0,244,190.44113159179688
0,1,0,0,52,69.15163993835449
0,1,0,0,42,67.79646873474121
0,1,0,0,44,45.23348808288574
2,0,1,1,244,26.897668838500977
0,1,0,0,38,13.682365417480469
0,1,0,0,38,33.531904220581055
0,1,0,0,38,33.61082077026367
0,1,0,0,60,12.338876724243164
0,1,0,0,49,22.446155548095703
0,0,1,0,54,8.801460266113281
0,0,1,0,54,8.128166198730469
0,1,0,0,38,32.98473358154297
0,1,0,0,38,67.22712516784668
0,1,0,0,41,22.828102111816406
0,1,0,0,41,22.59540557861328
0,0,1,0,54,8.768320083618164
0,1,0,0,41,23.008346557617188
3,1,0,0,244,193.95971298217773
1,1,0,0,132,126.05977058410645
0,0,0,1,50,9.135007858276367
0,1,0,0,44,44.99959945678711
0,1,0,0,41,23.593425750732422
1,1,0,0,132,124.37057495117188
0,0,1,0,54,8.760929107666016
0,0,0,1,50,9.008407592773438
0,0,1,0,54,8.845090866088867
0,1,0,0,49,22.45926856994629
0,0,1,0,49,2.4466514587402344
0,1,0,0,41,22.582530975341797
2,0,1,1,244,26.619911193847656
2,0,1,1,244,26.99136734008789
3,1,0,0,244,190.41013717651367
0,0,1,0,49,2.5458335876464844
0,0,1,0,49,2.354145050048828
0,1,0,0,38,33.2338809967041
0,1,0,0,38,13.737201690673828
0,1,0,0,49,22.32837677001953
0,0,1,0,54,8.517026901245117
1,0,1,0,131,12.749910354614258
2,0,1,1,244,26.593446731567383
0,1,0,0,42,67.10219383239746
0,1,0,0,44,45.213937759399414
0,0,1,0,49,2.5272369384765625
0,1,0,0,60,12.270927429199219
0,0,1,0,49,2.3965835571289062
3,1,0,0,244,190.24229049682617
0,1,0,0,38,33.51640701293945
0,1,0,0,42,68.00150871276855
0,1,0,0,49,22.75538444519043
0,1,0,0,44,46.03457450866699
3,1,0,0,244,193.78423690795898
0,1,0,0,44,46.529531478881836
1,0,1,0,131,12.918949127197266
0,1,0,0,41,22.939205169677734
0,1,0,0,60,12.391090393066406
0,0,1,0,55,8.770942687988281
0,1,0,0,60,12.247562408447266
0,0,1,0,49,2.5038719177246094
0,1,0,0,41,22.776365280151367
0,1,0,0,38,13.596057891845703
0,1,0,0,42,82.89718627929688
0,0,0,1,51,8.266925811767578
0,1,0,0,42,68.28951835632324
0,0,1,0,49,2.735137939453125
0,1,0,0,60,12.590169906616211
0,0,1,0,54,8.526086807250977
0,0,1,0,55,10.237932205200195
0,0,1,0,49,2.5250911712646484
0,1,0,0,41,28.455495834350586
0,1,0,0,41,23.350954055786133
2,0,1,1,244,27.481555938720703
1,1,0,0,132,126.34134292602539
0,1,0,0,44,45.60589790344238
0,1,0,0,41,22.795915603637695
1,0,1,0,131,13.043880462646484
0,0,1,0,49,2.514362335205078
0,0,0,1,51,8.081197738647461
0,0,1,0,49,2.3326873779296875
0,1,0,0,38,67.12532043457031
0,1,0,0,49,22.705793380737305
0,0,0,1,51,8.157491683959961
0,0,1,0,54,8.723735809326172
0,1,0,0,41,22.593975067138672
0,1,0,0,38,33.53381156921387
0,1,0,0,41,22.746801376342773
0,0,0,1,50,9.25302505493164
0,1,0,0,49,22.64118194580078
0,1,0,0,38,13.855218887329102
1,0,1,0,131,13.208150863647461
0,0,1,0,54,8.751153945922852
0,0,0,1,50,8.967876434326172
0,1,0,0,49,22.393226623535156
0,1,0,0,41,22.790193557739258
0,0,0,1,51,8.167266845703125
0,0,1,0,55,8.833885192871094
0,1,0,0,60,12.180089950561523
0,1,0,0,52,68.07255744934082
0,0,1,0,55,8.967161178588867
0,0,1,0,54,8.611917495727539
0,1,0,0,41,22.55392074584961
0,1,0,0,42,66.83135032653809
0,1,0,0,41,22.647857666015625
0,1,0,0,52,68.40276718139648
3,1,0,0,244,190.96660614013672
0,1,0,0,42,67.00325012207031
2,0,1,1,244,29.536724090576172
0,1,0,0,38,67.3990249633789
0,1,0,0,41,22.823333740234375
0,0,0,1,50,8.93259048461914
0,0,0,1,50,8.802413940429688
0,1,0,0,38,13.542652130126953
0,0,0,1,51,8.086204528808594
0,1,0,0,38,33.38193893432617
0,1,0,0,52,68.33791732788086
1,1,0,0,132,125.22721290588379
0,1,0,0,38,33.423423767089844
0,0,1,0,55,8.90207290649414
0,1,0,0,41,22.688627243041992
0,0,1,0,49,2.575397491455078
0,0,1,0,55,8.753776550292969
1,0,1,0,131,12.555837631225586
0,1,0,0,38,66.98751449584961
0,1,0,0,38,33.451080322265625
0,1,0,0,52,69.0159797668457
0,0,1,0,54,8.78000259399414
0,1,0,0,60,12.258291244506836
0,0,0,1,51,8.112668991088867
0,1,0,0,60,12.184619903564453
2,0,1,1,244,26.436567306518555
0,0,1,0,49,2.4323463439941406
0,0,1,0,54,8.488178253173828
0,1,0,0,41,23.051023483276367
0,1,0,0,60,12.435197830200195
2,0,1,1,244,26.465415954589844
0,0,0,1,51,8.171558380126953
0,0,0,1,51,8.109569549560547
0,1,0,0,60,12.197017669677734
2,0,1,1,244,26.49521827697754
0,1,0,0,41,22.515058517456055
0,1,0,0,41,23.136377334594727
0,1,0,0,52,68.55893135070801
1,0,1,0,131,13.145208358764648
3,1,0,0,244,191.58625602722168
0,1,0,0,38,14.111995697021484
0,1,0,0,41,23.53358268737793
0,1,0,0,38,67.71254539489746
0,1,0,0,52,69.23627853393555
0,1,0,0,52,69.58770751953125
0,0,0,1,50,9.362459182739258
1,0,1,0,131,12.901544570922852
0,1,0,0,38,68.69292259216309
0,0,0,1,51,8.351802825927734
0,1,0,0,38,13.566732406616211
0,1,0,0,38,68.76969337463379
0,0,1,0,49,2.5413036346435547
3,1,0,0,244,190.6263828277588
0,1,0,0,38,13.948202133178711
0,1,0,0,38,48.497676849365234
1,0,1,0,131,13.461589813232422
0,0,1,0,54,8.733749389648438
0,1,0,0,41,22.713422775268555
0,1,0,0,38,13.828754425048828
0,0,1,0,49,2.452850341796875
3,1,0,0,244,190.16695022583008
0,1,0,0,49,22.82118797302246
0,1,0,0,41,22.60303497314453
0,1,0,0,49,22.578716278076172
1,0,1,0,131,12.898445129394531
0,0,1,0,55,8.757352828979492
0,1,0,0,41,22.687911987304688
0,1,0,0,38,13.798952102661133
0,1,0,0,41,22.731304168701172
0,1,0,0,60,12.33983039855957
3,1,0,0,244,191.1759376525879
0,1,0,0,42,78.32098007202148
3,1,0,0,244,189.8343563079834
0,1,0,0,49,22.797107696533203
1,1,0,0,132,125.16212463378906
0,0,1,0,55,8.884668350219727
0,0,0,1,50,8.843660354614258
0,1,0,0,49,22.582054138183594
0,0,1,0,55,8.846044540405273
0,1,0,0,49,22.4301815032959
1,1,0,0,132,125.12731552124023
2,0,1,1,244,26.717185974121094
0,0,0,1,50,9.134531021118164
1,0,1,0,131,12.771844863891602
0,1,0,0,44,44.80099678039551
0,1,0,0,41,22.803068161010742
0,0,1,0,54,8.793115615844727
0,0,0,1,50,8.99362564086914
0,1,0,0,41,22.969961166381836
0,1,0,0,38,67.15917587280273
0,1,0,0,38,13.698101043701172
0,1,0,0,42,67.46196746826172
0,1,0,0,38,13.985395431518555
0,0,1,0,55,8.998394012451172
2,0,1,1,244,26.740312576293945
1,1,0,0,132,127.29859352111816
0,1,0,0,42,67.47579574584961
0,1,0,0,38,67.1076774597168
0,0,0,1,50,9.217023849487305
2,0,1,1,244,26.448488235473633
0,1,0,0,41,22.61042594909668
1,1,0,0,132,126.03163719177246
1,0,1,0,131,13.427972793579102
1,1,0,0,132,125.81801414489746
0,1,0,0,41,22.931575775146484
0,1,0,0,42,70.90926170349121
0,1,0,0,52,68.88103485107422
0,1,0,0,60,12.711524963378906
0,1,0,0,38,67.36493110656738
2,0,1,1,244,26.66306495666504
1,1,0,0,132,125.71454048156738
3,1,0,0,244,190.34981727600098
0,1,0,0,38,67.16060638427734
0,1,0,0,41,22.830486297607422
0,1,0,0,44,45.067787170410156
0,1,0,0,38,13.764381408691406
0,0,1,0,54,8.63504409790039
0,1,0,0,41,22.84383773803711
3,1,0,0,244,190.9019947052002
0,0,1,0,55,8.971929550170898
0,1,0,0,38,13.534784317016602
2,0,1,1,244,26.406526565551758
2,0,1,1,244,26.34882926940918
1,1,0,0,132,123.64053726196289
0,1,0,0,38,66.83993339538574
0,1,0,0,52,68.2978630065918
0,0,0,1,51,8.358240127563477
0,0,0,1,51,8.282899856567383
0,1,0,0,41,22.812604904174805
0,0,1,0,49,2.4814605712890625
3,1,0,0,244,189.4855499267578
0,1,0,0,41,22.932767868041992
0,1,0,0,41,22.64094352722168
0,1,0,0,42,67.22402572631836
0,1,0,0,60,12.482881546020508
0,1,0,0,41,22.96733856201172
0,1,0,0,44,44.98124122619629
0,1,0,0,52,68.78376007080078
1,1,0,0,132,126.32203102111816
0,0,1,0,55,9.067058563232422
0,1,0,0,60,13.28134536743164
0,1,0,0,41,22.976160049438477
0,1,0,0,44,46.031951904296875
2,0,1,1,244,26.63397789001465
0,0,1,0,54,8.750438690185547
0,0,0,1,50,8.966207504272461
0,1,0,0,41,23.046255111694336
0,1,0,0,60,12.369155883789062
1,0,1,0,131,13.042926788330078
0,1,0,0,41,22.829771041870117
0,1,0,0,49,23.030757904052734
0,0,0,1,50,9.116411209106445
1,0,1,0,131,12.920141220092773
0,0,1,0,54,8.620023727416992
0,1,0,0,38,83.40334892272949
0,0,1,0,54,8.735179901123047
0,1,0,0,52,67.78144836425781
3,1,0,0,244,189.86964225769043
3,1,0,0,244,192.305326461792
0,0,0,1,50,9.139776229858398
0,1,0,0,44,44.66652870178223
0,1,0,0,52,68.2673454284668
0,1,0,0,49,22.476911544799805
0,1,0,0,44,44.8000431060791
0,1,0,0,42,67.36993789672852
0,0,0,1,51,8.399248123168945
0,1,0,0,38,66.60079956054688
0,1,0,0,60,12.430667877197266
0,0,1,0,55,8.842229843139648
0,1,0,0,41,22.686243057250977
1,0,1,0,131,13.188362121582031
0,1,0,0,38,66.66064262390137
0,1,0,0,42,67.06070899963379
0,1,0,0,41,22.742748260498047
0,1,0,0,38,66.84160232543945
1,1,0,0,132,125.6098747253418
0,1,0,0,41,22.923946380615234
0,0,0,1,51,8.292436599731445
1,0,1,0,131,13.518810272216797
2,0,1,1,244,26.601552963256836
0,1,0,0,41,22.679567337036133
0,1,0,0,38,66.78342819213867
0,0,1,0,49,2.516031265258789
0,0,1,0,49,2.299785614013672
0,1,0,0,38,13.594865798950195
0,0,0,1,50,9.049654006958008
1,1,0,0,132,124.57704544067383
0,0,0,1,50,9.18126106262207
0,1,0,0,38,13.731002807617188
0,0,0,1,51,8.07499885559082
1,0,1,0,131,12.974739074707031
0,1,0,0,38,33.50496292114258
0,0,1,0,55,8.822441101074219
2,0,1,1,244,26.67546272277832
3,1,0,0,244,188.35830688476562
0,0,1,0,49,2.6154518127441406
0,1,0,0,38,66.89214706420898
0,0,0,1,51,8.25810432434082
0,1,0,0,52,68.88103485107422
0,0,1,0,55,9.11569595336914
0,0,0,1,51,8.111238479614258
0,1,0,0,60,12.653827667236328
0,1,0,0,44,45.77922821044922
0,1,0,0,41,22.833824157714844
0,0,1,0,54,8.784294128417969
0,0,1,0,54,8.415699005126953
0,1,0,0,41,23.075342178344727
0,1,0,0,42,67.48294830322266
0,1,0,0,52,68.44401359558105
0,0,0,1,51,8.416891098022461
0,1,0,0,42,67.56758689880371
0,1,0,0,38,66.93434715270996
0,1,0,0,52,67.49343872070312
2,0,1,1,244,26.72123908996582
0,1,0,0,49,22.738933563232422
0,0,0,1,51,8.12983512878418
0,0,1,0,55,8.794546127319336
3,1,0,0,244,189.8975372314453
0,1,0,0,52,70.2965259552002
0,1,0,0,41,23.27585220336914
0,0,1,0,55,9.31096076965332
0,0,1,0,55,8.59975814819336
0,1,0,0,42,82.98826217651367
2,0,1,1,244,26.803970336914062
0,1,0,0,60,12.365579605102539
0,1,0,0,38,33.50830078125
0,0,1,0,54,8.757352828979492
0,1,0,0,38,13.641595840454102
3,1,0,0,244,193.6042308807373
1,0,1,0,131,13.266324996948242
0,1,0,0,42,66.9863224029541
0,1,0,0,38,67.2757625579834
0,1,0,0,38,33.64872932434082
0,1,0,0,42,67.19446182250977
0,0,1,0,49,2.6748180389404297
0,1,0,0,60,12.267351150512695
1,1,0,0,132,124.17483329772949
0,0,1,0,49,2.5243759155273438
0,1,0,0,49,22.472381591796875
0,1,0,0,41,22.63355255126953
0,0,0,1,50,8.956193923950195
0,1,0,0,44,45.08709907531738
2,0,1,1,244,26.61585807800293
0,1,0,0,42,67.23237037658691
2,0,1,1,244,26.62038803100586
0,0,1,0,55,8.911848068237305
0,1,0,0,44,45.104265213012695
0,0,1,0,54,8.650779724121094
0,1,0,0,41,22.713899612426758
0,1,0,0,44,44.94619369506836
0,0,1,0,49,2.5482177734375
0,1,0,0,60,12.220621109008789
0,1,0,0,60,12.218475341796875
0,0,0,1,51,8.107185363769531
1,1,0,0,132,123.4283447265625
0,1,0,0,38,13.766050338745117
0,0,0,1,50,9.070158004760742
0,1,0,0,44,45.37320137023926
0,1,0,0,42,69.14591789245605
0,0,0,1,51,8.199214935302734
0,1,0,0,41,22.464513778686523
0,0,1,0,54,8.608341217041016
0,0,0,1,51,8.060455322265625
3,1,0,0,244,191.3917064666748
0,0,1,0,54,8.609294891357422
0,1,0,0,38,33.843278884887695
3,1,0,0,244,190.08302688598633
0,0,1,0,54,8.845090866088867
0,1,0,0,60,12.205362319946289
0,0,1,0,54,8.608818054199219
1,1,0,0,132,125.81253051757812
0,1,0,0,41,23.23007583618164
0,1,0,0,41,22.90797233581543
1,1,0,0,132,125.2446174621582
0,0,1,0,54,8.86678695678711
0,0,0,1,51,8.090734481811523
0,0,1,0,55,8.864402770996094
0,0,1,0,54,8.498191833496094
3,1,0,0,244,189.66412544250488
0,1,0,0,38,13.930320739746094
0,1,0,0,60,12.317180633544922
0,0,1,0,49,2.32696533203125
0,0,0,1,51,8.168697357177734
0,0,0,1,50,8.887767791748047
0,0,0,1,51,7.976293563842773
0,1,0,0,60,12.212991714477539
0,1,0,0,38,33.300161361694336
0,1,0,0,38,33.68330001831055
1,1,0,0,132,124.76229667663574
1,0,1,0,131,12.95018196105957
0,1,0,0,52,67.4128532409668
2,0,1,1,244,26.72123908996582
0,0,1,0,55,8.799552917480469
0,1,0,0,42,67.42286682128906
2,0,1,1,244,26.53050422668457
0,1,0,0,60,12.291669845581055
0,1,0,0,60,12.282133102416992
0,1,0,0,38,13.791799545288086
0,1,0,0,38,33.46061706542969
1,1,0,0,132,124.76015090942383
1,1,0,0,132,124.66001510620117
3,1,0,0,244,189.58282470703125
0,0,0,1,50,9.146928787231445
0,1,0,0,38,66.9553279876709
0,1,0,0,44,44.92831230163574
0,1,0,0,49,22.646427154541016
0,0,1,0,55,8.901119232177734
1,0,1,0,131,12.58230209350586
0,0,1,0,49,2.4042129516601562
0,1,0,0,41,22.460222244262695
0,1,0,0,52,68.16649436950684
3,1,0,0,244,191.35475158691406
0,1,0,0,52,71.67243957519531
0,0,1,0,49,2.592325210571289
0,1,0,0,42,67.3220157623291
0,0,0,1,50,9.21487808227539
0,1,0,0,49,22.68815040588379
0,1,0,0,41,22.63188362121582
0,1,0,0,44,46.343088150024414
0,1,0,0,38,34.718990325927734
0,1,0,0,52,84.25188064575195
0,1,0,0,49,22.707223892211914
0,0,0,1,50,9.163618087768555
0,1,0,0,52,68.45331192016602
0,1,0,0,42,67.15536117553711
